,Method,$\widehat{\beta}$,seed,label_ct
0,active (partial),0.42424242424242425,251,800.0
1,active (shifted),0.32323232323232326,251,800.0
2,active (partial+q_cv),0.43434343434343436,251,800.0
3,active (partial+cons_cv),0.3434343434343435,251,800.0
4,sample everything,0.32323232323232326,251,800.0
