,Method,$\widehat{\beta}$,seed,label_ct
0,active (partial),0.4747474747474748,574,800.0
1,active (shifted),0.3535353535353536,574,800.0
2,active (partial+q_cv),0.4646464646464647,574,800.0
3,active (partial+cons_cv),0.37373737373737376,574,800.0
4,sample everything,0.3535353535353536,574,800.0
