,Method,$\widehat{\beta}$,seed,label_ct
0,active (partial),0.4545454545454546,432,800.0
1,active (shifted),0.3535353535353536,432,800.0
2,active (partial+q_cv),0.4646464646464647,432,800.0
3,active (partial+cons_cv),0.38383838383838387,432,800.0
4,sample everything,0.37373737373737376,432,800.0
