,Method,$\widehat{\beta}$,seed,label_ct
0,active (partial),0.4040404040404041,80,800.0
1,active (shifted),0.36363636363636365,80,800.0
2,active (partial+cons_cv),0.38383838383838387,80,800.0
3,sample everything,0.37373737373737376,80,800.0
