,Method,$\widehat{\beta}$,seed,label_ct
0,active (partial),0.38383838383838387,330,800.0
1,active (shifted),0.3535353535353536,330,800.0
2,active (partial+cons_cv),0.36363636363636365,330,800.0
3,sample everything,0.38383838383838387,330,800.0
