,Method,$\widehat{\beta}$,seed,label_ct
0,active (partial),0.4040404040404041,437,800.0
1,active (shifted),0.31313131313131315,437,800.0
2,active (partial+cons_cv),0.31313131313131315,437,800.0
3,sample everything,0.31313131313131315,437,800.0
