,Method,$\widehat{\beta}$,seed,label_ct
0,active (partial),0.37373737373737376,151,800.0
1,active (shifted),0.3535353535353536,151,800.0
2,active (partial+cons_cv),0.36363636363636365,151,800.0
3,sample everything,0.37373737373737376,151,800.0
