,Method,$\widehat{\beta}$,seed,label_ct
0,active (partial),0.8585858585858587,44,2000.0
1,active (shifted),0.8686868686868687,44,2000.0
2,active (full),0.8585858585858587,44,2000.0
3,oblivious (partial),0.8787878787878789,44,2000.0
4,sample everything,0.8989898989898991,44,2000.0
