,Method,$\widehat{\beta}$,seed,label_ct
0,active (partial),0.8585858585858587,39,2000.0
1,active (partial+cons_cv),0.8585858585858587,39,2000.0
2,active (shifted),0.8585858585858587,39,2000.0
3,oblivious (partial),0.8383838383838385,39,2000.0
