,Method,$\widehat{\beta}$,seed,label_ct
0,active (partial),0.38383838383838387,519,800.0
1,active (shifted),0.32323232323232326,519,800.0
2,active (partial+q_cv),0.37373737373737376,519,800.0
3,active (partial+cons_cv),0.3434343434343435,519,800.0
4,sample everything,0.3434343434343435,519,800.0
