,Method,$\widehat{\beta}$,seed,label_ct
0,active (partial),0.37373737373737376,564,800.0
1,active (shifted),0.3434343434343435,564,800.0
2,active (full),0.36363636363636365,564,800.0
3,oblivious (partial),0.36363636363636365,564,800.0
4,sample everything,0.3434343434343435,564,800.0
